Contract Address, Transactions, Unique Users, Balance, Gas cost
"f410fpoidg73f7krlf...otowde5p2sejxnd4mq", 291876, 117756, 1.05, 4261.23
"f410fvcrrgyirzifqc...v6hdzeyeydk3gbsu6i", 7746, 2924, 0, 2345.32
"f410ff4sv6bemcuieq...ihn7oplze3cceqpmji", 8013, 1650, 63.84, 1371.34
"f410fxq5eiu65kljye...zz4nfgfy3yj563cfri", 13290, 1037, 0, 1204.13
"f410fzmwwtwlxng36s...hgtmzc7ebnde6r5t7a", 15215, 3057, 0, 1135.76
"f410fxjonp3yuctbt4...v6i6smei5rn3wimzxq", 30973, 2255, 0, 1034.78
"f410fsr7gywdsv5lmr...zmc6dj7zmk67bipa2q", 19160, 2610, 0, 893.43
"f410fid62eijcklifl...nkjg3afe3w6mvkk3ly", 6303, 643, 0, 831.04
"f410frb3y4qzq7wbty...srjxslxoyh5bkfjgqq", 2276, 731, 0, 754.01
"f410fwecb7aztntwga...nwjequ3w3hn2vqhk5a", 3715, 434, 0, 375.92
"f410fqrbhc4gpk2yw5...jlkvjsrorahubgx3qa", 5858, 4927, 0, 372.29 
"f410fnqu4intkf6nml...wmetmbknegahd75f7a", 6856, 1201, 0, 360.48 
"f410fabpafjfjgqkc3...ug5tq4bwfvuhsewxji", 25766, 5535, 0, 334.84
"f410ftuzpet24ar6d6...ppqhvd7nwl3crlcgiy", 128, 1, 0, 264.95 
"f410fvjufxd7klnoja...tenebe7s6jyej627ii", 3258, 241, 0, 238.84
"f410fzdso6eki2epyy...rzzahgxs27wbwomb2i", 1950, 454, 353384.67, 125.49
"f410fu5fesym6oskgh...znowcxv336plm6gu7a", 849, 292, 0, 7.53